time,pgn,destination,source,priority,data
2.261623,FFFF,0,0,0, F0FF000000FFFFFF
2.272617,FFFF,0,0,0, FF0000FF00FFFFFF
2.306748,FFFF,0,0,0, 6406007DFFFFFFFF
2.317757,FFFF,0,0,0, 0000FFFFFFFFFFFF
2.330814,FFFF,0,0,0, F0FF7D0000FFFFFF
2.34788,FFFF,0,0,0, FF0000FF0BFFFFFF
2.36494,FFFF,0,0,0, 6406007DFFFFFFFF
2.377952,FFFF,0,0,0, F0FF7D0000FFFFFF
2.398999,FFFF,0,0,0, FF0000FF0BFFFFFF
2.415079,FFFF,0,0,0, 6406007DFFFFFFFF
2.450069,FFFF,0,0,0, 64100B0B0000007D
2.459064,FFFF,0,0,0, 7DC81DFFFFFFFFFF
2.473066,FFFF,0,0,0, F0FF7D0000FFFFFF
2.496068,FFFF,0,0,0, FF0000FF0BFFFFFF
2.505082,FFFF,0,0,0, 6406007DFFFFFFFF
2.522053,FFFF,0,0,0, FFFFFFFEFFFFFFFA
2.542199,FFFF,0,0,0, F0FF7D0000FFFFFF
2.569304,FFFF,0,0,0, FF0000FF0BFFFFFF
2.58329,FFFF,0,0,0, 6406007DFFFFFFFF
2.600365,FFFF,0,0,0, F0FF7D0000FFFFFF
2.61635,FFFF,0,0,0, FF0000FF0BFFFFFF
2.634563,FFFF,0,0,0, 6406007DFFFFFFFF
2.650639,FFFF,0,0,0, 0000FFFFFFFFFFFF
2.663623,FFFF,0,0,0, F0FF7D0000FFFFFF
2.684645,FFFF,0,0,0, FF0000FF0BFFFFFF
2.694651,FFFF,0,0,0, 6406007DFFFFFFFF
2.710754,FFFF,0,0,0, F0FF7D0000FFFFFF
2.732742,FFFF,0,0,0, FF0000FF0BFFFFFF
2.743736,FFFF,0,0,0, 6406007DFFFFFFFF
2.75674,FFFF,0,0,0, 64100B0B0000007D
2.790031,FFFF,0,0,0, FF003FFF00FFFFFF
2.806091,FFFF,0,0,0, F0FF7D0000FFFFFF
2.828124,FFFF,0,0,0, 6406007DFFFFFFFF
2.845114,FFFF,0,0,0, FF0000FF0BFFFFFF
2.861105,FFFF,0,0,0, F0FF7D0000FFFFFF
2.877096,FFFF,0,0,0, FF0000FF0BFFFFFF
2.894086,FFFF,0,0,0, 6406007DFFFFFFFF
2.913075,FFFF,0,0,0, F0FF7D0000FFFFFF
2.930065,FFFF,0,0,0, FF0000FF0BFFFFFF
2.948055,FFFF,0,0,0, 6406007DFFFFFFFF
2.967044,FFFF,0,0,0, 0000FFFFFFFFFFFF
2.985034,FFFF,0,0,0, F0FF7D0000FFFFFF
3.003023,FFFF,0,0,0, FF0000FF0BFFFFFF
3.041066,FFFF,0,0,0, 6406007DFFFFFFFF
3.083098,FFFF,0,0,0, F0FF7D0000FFFFFF
3.106086,FFFF,0,0,0, FF0000FF0BFFFFFF
3.128072,FFFF,0,0,0, 6406007DFFFFFFFF
3.147074,FFFF,0,0,0, 5C031E031EFFFFFF
3.168067,FFFF,0,0,0, 64100B0B0000007D
3.18805,FFFF,0,0,0, 00057DF8FFFFFFFF
3.208044,FFFF,0,0,0, F0FF7D0000FFFFFF
3.229027,FFFF,0,0,0, FF0000FF0BFFFFFF
3.250003,FFFF,0,0,0, 6406007DFFFFFFFF
3.285994,FFFF,0,0,0, 393AFFFFFFFFFFFF
3.306986,FFFF,0,0,0, F0FF7D0000FFFFFF
3.332954,FFFF,0,0,0, FF0000FF0BFFFFFF
3.353961,FFFF,0,0,0, 6406007DFFFFFFFF
3.375945,FFFF,0,0,0, FFFFFFFFFFFFFFFF
3.397929,FFFF,0,0,0, FFFFFFFFFFFFFFFF
3.419917,FFFF,0,0,0, 0000FFFF3FFFFFFF
3.442892,FFFF,0,0,0, F0FF7D0000FFFFFF
3.464891,FFFF,0,0,0, 7D021EFFFFFFFFFF
3.486878,FFFF,0,0,0, FF0000FF0BFFFFFF
3.509871,FFFF,0,0,0, 6406007DFFFFFFFF
3.532852,FFFF,0,0,0, 0000FFFFFFFFFFFF
3.556838,FFFF,0,0,0, F0FF7D0000FFFFFF
3.581824,FFFF,0,0,0, FF0000FF0BFFFFFF
3.60581,FFFF,0,0,0, 6406007DFFFFFFFF
3.630796,FFFF,0,0,0, FF0000FFFFFFFFFF
3.654793,FFFF,0,0,0, FFFFFFFFFFFFFFFF
3.681803,FFFF,0,0,0, F0FF7D0000FFFFFF
3.705798,FFFF,0,0,0, 22FFFF3CFFFFFFFF
3.730776,FFFF,0,0,0, FF0000FF0BFFFFFF
3.755761,FFFF,0,0,0, 6406007DFFFFFFFF
3.780747,FFFF,0,0,0, 64100B0B0000007D
3.805733,FFFF,0,0,0, FFFFFFFFFFFFF500
3.830718,FFFF,0,0,0, F0FF7D0000FFFFFF
3.855704,FFFF,0,0,0, FF0000FF0BFFFFFF
3.880689,FFFF,0,0,0, 6406007DFFFFFFFF
3.906673,FFFF,0,0,0, FFFFFFFFFFFFFFFF
3.93266,FFFF,0,0,0, FFFFFFFFFFFFFFFF
3.958645,FFFF,0,0,0, 0000FFFF3FFFFFFF
3.98363,FFFF,0,0,0, 5C031E031EFFFFFF
4.009615,FFFF,0,0,0, F0FF7D0000FFFFFF
4.0346,FFFF,0,0,0, FF0000FF0BFFFFFF
4.060586,FFFF,0,0,0, 6406007DFFFFFFFF
4.086571,FFFF,0,0,0, F0FF7D0000FFFFFF
4.115554,FFFF,0,0,0, FF0000FF0BFFFFFF
4.148533,FFFF,0,0,0, 6406007DFFFFFFFF
4.174521,FFFF,0,0,0, FF0000FFFFFFFFFF
4.200504,FFFF,0,0,0, 0000FFFFFFFFFFFF
4.227488,FFFF,0,0,0, FFFFFFFFFFFFFFFF
4.254474,FFFF,0,0,0, F0FF7D0000FFFFFF
4.281459,FFFF,0,0,0, FF0000FF0BFFFFFF
4.308443,FFFF,0,0,0, 6406007DFFFFFFFF
4.336426,FFFF,0,0,0, F0FF7D0000FFFFFF
4.364411,FFFF,0,0,0, FF0000FF0BFFFFFF
4.392404,FFFF,0,0,0, 6406007DFFFFFFFF
4.419379,FFFF,0,0,0, 64100B0B0000007D
4.448362,FFFF,0,0,0, 5C031E031EFFFFFF
4.475347,FFFF,0,0,0, FFFFFCFFFFFFFFFF
4.502332,FFFF,0,0,0, 454355FFFFFFFFFF
4.531315,FFFF,0,0,0, F0FF7D0000FFFFFF
4.558299,FFFF,0,0,0, FF0000FF0BFFFFFF
4.585283,FFFF,0,0,0, 6406007DFFFFFFFF
4.615266,FFFF,0,0,0, F0FF7D0000FFFFFF
4.643251,FFFF,0,0,0, FF0000FF0BFFFFFF
4.671233,FFFF,0,0,0, 6406007DFFFFFFFF
4.699218,FFFF,0,0,0, FFFF0825FFFFFFFF
4.727202,FFFF,0,0,0, FFFFFFFFFFFFFFFF
4.755186,FFFF,0,0,0, FFFFFFFFFFFFFFFF
4.78317,FFFF,0,0,0, F0FF7D0000FFFFFF
4.811154,FFFF,0,0,0, FF0000FF0BFFFFFF
4.839136,FFFF,0,0,0, 6406007DFFFFFFFF
4.867121,FFFF,0,0,0, 0000FFFFFFFFFFFF
4.898104,FFFF,0,0,0, F0FF7D0000FFFFFF
4.928086,FFFF,0,0,0, FF0000FF0BFFFFFF
4.95707,FFFF,0,0,0, 6406007DFFFFFFFF
4.985053,FFFF,0,0,0, FF0000FFFFFFFFFF
5.015036,FFFF,0,0,0, FFFFFFFFFFFFFFFF
5.04402,FFFF,0,0,0, F0FF7D0000FFFFFF
5.073003,FFFF,0,0,0, FF0000FF0BFFFFFF
5.101986,FFFF,0,0,0, 6406007DFFFFFFFF
5.131967,FFFF,0,0,0, 64100B0B0000007D
5.163951,FFFF,0,0,0, 7D021EFFFFFFFFFF
5.196931,FFFF,0,0,0, F0FF7D0000FFFFFF
5.225914,FFFF,0,0,0, FF0000FF0BFFFFFF
5.254897,FFFF,0,0,0, 6406007DFFFFFFFF
5.284893,FFFF,0,0,0, FFFFFFFFFFFFFFFF
5.314863,FFFF,0,0,0, FFFFFF00FFFFFFFA
5.344846,FFFF,0,0,0, 5DFFFFF3FFFFFFFF
5.374829,FFFF,0,0,0, 434355FFFFFFFFFF
5.404812,FFFF,0,0,0, 0000FFFF3FFFFFFF
5.435793,FFFF,0,0,0, 0000FFFF3FFFFFFF
5.464777,FFFF,0,0,0, 5C031E031EFFFFFF
5.49476,FFFF,0,0,0, F0FF7D0000FFFFFF
5.524742,FFFF,0,0,0, FF0000FF0BFFFFFF
5.554724,FFFF,0,0,0, 6406007DFFFFFFFF
5.584716,FFFF,0,0,0, F0FF7D0000FFFFFF
5.61669,FFFF,0,0,0, FF0000FF0BFFFFFF
5.649737,FFFF,0,0,0, 6406007DFFFFFFFF
5.682718,FFFF,0,0,0, 0000FFFFFFFFFFFF
5.715699,FFFF,0,0,0, 454943FFFFFFFFFF
5.74868,FFFF,0,0,0, 505452FFFFFFFFFF
5.781661,FFFF,0,0,0, FF0000FFFFFFFFFF
5.814642,FFFF,0,0,0, 7DFFFFFFFFFFFFFF
5.845624,FFFF,0,0,0, F0FF7D0000FFFFFF
5.875607,FFFF,0,0,0, FF0000FF0BFFFFFF
5.906587,FFFF,0,0,0, 6406007DFFFFFFFF
5.93856,FFFF,0,0,0, F0FF7D0000FFFFFF
5.969542,FFFF,0,0,0, FF0000FF0BFFFFFF
6.000525,FFFF,0,0,0, 6406007DFFFFFFFF
6.065502,FFFF,0,0,0, 64100B0B0000007D
6.098482,FFFF,0,0,0, 5C031E031EFFFFFF
6.131459,FFFF,0,0,0, FF003CFF00FFFFFF
6.165441,FFFF,0,0,0, 73FFFFFFFFFFFFFF
6.205407,FFFF,0,0,0, F0FF7D0000FFFFFF
6.241386,FFFF,0,0,0, FF0000FF0BFFFFFF
6.273368,FFFF,0,0,0, 6406007DFFFFFFFF
6.305349,FFFF,0,0,0, F0FF7D0000FFFFFF
6.337331,FFFF,0,0,0, FF0000FF0BFFFFFF
6.369326,FFFF,0,0,0, 6406007DFFFFFFFF
6.402312,FFFF,0,0,0, FFFFFFFFFFFFFFFF
6.434288,FFFF,0,0,0, FCFFFFFFFFFFFFFF
6.467266,FFFF,0,0,0, 0000FFFF3FFFFFFF
6.501254,FFFF,0,0,0, 0000FFFF3FFFFFFF
6.53423,FFFF,0,0,0, F0FF7D0000FFFFFF
6.567208,FFFF,0,0,0, 022C0000180C0000
6.60019,FFFF,0,0,0, FF0000FF0BFFFFFF
6.63417,FFFF,0,0,0, 6406007DFFFFFFFF
6.667151,FFFF,0,0,0, 0000FFFFFFFFFFFF
6.700132,FFFF,0,0,0, F0FF7D0000FFFFFF
6.734103,FFFF,0,0,0, FF0000FF0BFFFFFF
6.767097,FFFF,0,0,0, 6406007DFFFFFFFF
6.800075,FFFF,0,0,0, FF0000FFFFFFFFFF
6.834055,FFFF,0,0,0, C9FFFFFFFF3AFFFF
6.867038,FFFF,0,0,0, FFCFFFFFFFFFFFFF
6.90102,FFFF,0,0,0, F0FF7D0000FFFFFF
6.934997,FFFF,0,0,0, FF0000FF0BFFFFFF
6.967978,FFFF,0,0,0, 6406007DFFFFFFFF
7.002947,FFFF,0,0,0, 64100B0B0000007D
7.036927,FFFF,0,0,0, F0FF7D0000FFFFFF
7.070908,FFFF,0,0,0, FF0000FF0BFFFFFF
7.104889,FFFF,0,0,0, 6406007DFFFFFFFF
7.138869,FFFF,0,0,0, FFFFFFFFFFFFFFFF
7.17386,FFFF,0,0,0, B0245A24FFFF60FE
7.207829,FFFF,0,0,0, 0000FFFF3FFFFFFF
7.246821,FFFF,0,0,0, 0000FFFF3FFFFFFF
7.284798,FFFF,0,0,0, 5C031E03B4370010130000007C280010130000
7.319765,FFFF,0,0,0, F0FF7D0000FFFFFF
7.354745,FFFF,0,0,0, FF0000FF0BFFFFFF
7.390734,FFFF,0,0,0, 6406007DFFFFFFFF
7.424714,FFFF,0,0,0, F0FF7D0000FFFFFF
7.460694,FFFF,0,0,0, 7D021EFFFFFFFFFF
7.495674,FFFF,0,0,0, FF0000FF0BFFFFFF
7.533652,FFFF,0,0,0, 6406007DFFFFFFFF
7.569632,FFFF,0,0,0, FF0000FFFFFFFFFF
7.605617,FFFF,0,0,0, 0000FFFFFFFFFFFF
7.64158,FFFF,0,0,0, 7DFFFFFFFFFFFFFF
7.67657,FFFF,0,0,0, F0FF7D0000FFFFFF
7.712548,FFFF,0,0,0, FF0000FF0BFFFFFF
7.749527,FFFF,0,0,0, 6406007DFFFFFFFF
7.785517,FFFF,0,0,0, F0FF7D0000FFFFFF
7.821486,FFFF,0,0,0, FF0000FF0BFFFFFF
7.857465,FFFF,0,0,0, 6406007DFFFFFFFF
7.893445,FFFF,0,0,0, 64100B0B0000007D
7.930423,FFFF,0,0,0, 5C031E031EFFFFFF
7.966407,FFFF,0,0,0, 00FF00000000FFFF
8.003371,FFFF,0,0,0, 00FF00000000FFFF
8.04036,FFFF,0,0,0, 00FF00000000FFFF
8.077339,FFFF,0,0,0, F0FF7D0000FFFFFF
8.115307,FFFF,0,0,0, FF0000FF0BFFFFFF
8.152295,FFFF,0,0,0, 6406007DFFFFFFFF
8.190274,FFFF,0,0,0, F0FF7D0000FFFFFF
8.227255,FFFF,0,0,0, FF0000FF0BFFFFFF
8.266221,FFFF,0,0,0, 6406007DFFFFFFFF
8.310195,FFFF,0,0,0, FFFFFFFFFFFFFFFF
8.349188,FFFF,0,0,0, F880F0F000DF03FC
8.387151,FFFF,0,0,0, 0000FFFF3FFFFFFF
8.425138,FFFF,0,0,0, 0000FFFF3FFFFFFF
8.463106,FFFF,0,0,0, F0FF7D0000FFFFFF
8.500095,FFFF,0,0,0, FF0000FF0BFFFFFF
8.539064,FFFF,0,0,0, 6406007DFFFFFFFF
8.577042,FFFF,0,0,0, 0000FFFFFFFFFFFF
8.616018,FFFF,0,0,0, F0FF7D0000FFFFFF
8.656011,FFFF,0,0,0, 00FF00000000FFFF
8.693974,FFFF,0,0,0, FF0000FF0BFFFFFF
8.731962,FFFF,0,0,0, 6406007DFFFFFFFF
8.77093,FFFF,0,0,0, FF0000FFFFFFFFFF
8.809929,FFFF,0,0,0, 7DFFFFFFFFFFFFFF
8.849885,FFFF,0,0,0, F0FF7D0000FFFFFF
8.888879,FFFF,0,0,0, FF0000FF0BFFFFFF
8.929838,FFFF,0,0,0, 6406007DFFFFFFFF
8.969816,FFFF,0,0,0, 64100B0B0000007D
9.008792,FFFF,0,0,0, F0FF7D0000FFFFFF
9.049772,FFFF,0,0,0, FF0000FF0BFFFFFF
9.088746,FFFF,0,0,0, 6406007DFFFFFFFF
9.127733,FFFF,0,0,0, FFFFFFFFFFFFFFFF
9.166711,FFFF,0,0,0, E5FE00
9.206694,FFFF,0,0,0, 0000FFFF3FFFFFFF
9.246665,FFFF,0,0,0, 84090000FFFFFFFF
9.286633,FFFF,0,0,0, 0000FFFF3FFFFFFF
9.329607,FFFF,0,0,0, 5C031E031EFFFFFF
9.372583,FFFF,0,0,0, F0FF7D0000FFFFFF
9.41256,FFFF,0,0,0, FF0000FF0BFFFFFF
9.452553,FFFF,0,0,0, 6406007DFFFFFFFF
9.493528,FFFF,0,0,0, FFFF0A25FFFFFFFF
9.533501,FFFF,0,0,0, 64070000FFFFFFFF
9.574485,FFFF,0,0,0, F0FF7D0000FFFFFF
9.615457,FFFF,0,0,0, 84090000FFFFFFFF
9.65643,FFFF,0,0,0, 22FFFF3CFFFFFFFF
9.698408,FFFF,0,0,0, FF0000FF0BFFFFFF
9.739381,FFFF,0,0,0, 6406007DFFFFFFFF
9.781362,FFFF,0,0,0, FF0000FFFFFFFFFF
9.823341,FFFF,0,0,0, 0000FFFFFFFFFFFF
9.865312,FFFF,0,0,0, 7DFFFFFFFFFFFFFF
9.906349,FFFF,0,0,0, F0FF7D0000FFFFFF
9.947262,FFFF,0,0,0, FF0000FF0BFFFFFF
9.990243,FFFF,0,0,0, 6406007DFFFFFFFF
10.031204,FFFF,0,0,0, F0FF7D0000FFFFFF
10.073179,FFFF,0,0,0, FF0000FF0BFFFFFF
10.115155,FFFF,0,0,0, 6406007DFFFFFFFF
10.157131,FFFF,0,0,0, 64100B0B0000007D
10.199107,FFFF,0,0,0, 5C031E031EFFFFFF
10.241084,FFFF,0,0,0, 7D021EFFFFFFFFFF
10.284092,FFFF,0,0,0, F0FF7D0000FFFFFF
10.326034,FFFF,0,0,0, FF0000FF0BFFFFFF
10.372008,FFFF,0,0,0, 6406007DFFFFFFFF
10.414983,FFFF,0,0,0, FFFFFF00FFFFFFFA
10.456968,FFFF,0,0,0, F0FF7D0000FFFFFF
10.498934,FFFF,0,0,0, FF0000FF0BFFFFFF
10.621595,FFFF,0,0,0, F0FF7D0000FFFFFF
10.785636,FFFF,0,0,0, F0FF7D0000FFFFFF
10.950323,FFFF,0,0,0, FFFFFFFFFFFFFFFF
11.249333,FFFF,0,0,0, F0FF7D0000FFFFFF
11.495963,FFFF,0,0,0, F0FF7D0000FFFFFF
11.638739,FFFF,0,0,0, FF0000FFFFFFFFFF
11.955099,FFFF,0,0,0, 6406007DFFFFFFFF
12.318263,FFFF,0,0,0, 6406007DFFFFFFFF
12.544472,FFFF,0,0,0, 6406007DFFFFFFFF
12.920026,FFFF,0,0,0, F0FF7D0000FFFFFF
13.11086,FFFF,0,0,0, F0FF7D0000FFFFFF
13.617396,FFFF,0,0,0, 5C031E031EFFFFFF
14.145319,FFFF,0,0,0, 64070000FFFFFFFF
14.311238,FFFF,0,0,0, F0FF7D0000FFFFFF
14.495461,FFFF,0,0,0, FFFFFF00FFFFFFFA
14.543433,FFFF,0,0,0, F0FF7D0000FFFFFF
14.643724,FFFF,0,0,0, 0000FFFF3FFFFFFF
14.733798,FFFF,0,0,0, 6406007DFFFFFFFF
14.944077,FFFF,0,0,0, 64100B0B2003007D
15.003087,FFFF,0,0,0, F0FF7D0000FFFFFF
15.242529,FFFF,0,0,0, 5EFFFFFFFFFFFFFF
15.395109,FFFF,0,0,0, 6406007DFFFFFFFF
15.547626,FFFF,0,0,0, F0FF7D0000FFFFFF
15.593616,FFFF,0,0,0, FF0000FF0BFFFFFF
15.735998,FFFF,0,0,0, 0000FFFF3FFFFFFF
15.948757,FFFF,0,0,0, 7DFFFFFFFFFFFFFF
16.083324,FFFF,0,0,0, FF0000FF0BFFFFFF
16.188355,FFFF,0,0,0, F0FF7D0000FFFFFF
16.247308,FFFF,0,0,0, 6406007DFFFFFFFF
16.340614,FFFF,0,0,0, 0000FFFFFFFFFFFF
16.387576,FFFF,0,0,0, FF0000FF0BFFFFFF
16.469812,FFFF,0,0,0, 6406007DFFFFFFFF
16.528876,FFFF,0,0,0, 5C031E031EFFFFFF
16.578848,FFFF,0,0,0, F0FF7D0000FFFFFF
16.668806,FFFF,0,0,0, FF0000FF0BFFFFFF
16.784421,FFFF,0,0,0, FF0000FF0BFFFFFF
16.92527,FFFF,0,0,0, 7DFFFFFFFFFFFFFF
17.041934,FFFF,0,0,0, 7D021EFFFFFFFFFF
17.178565,FFFF,0,0,0, 5C031E031EFFFFFF
17.232553,FFFF,0,0,0, 6406007DFFFFFFFF
17.277522,FFFF,0,0,0, F0FF7D0000FFFFFF
17.342546,FFFF,0,0,0, FF0000FFFFFFFFFF
17.443654,FFFF,0,0,0, 6406007DFFFFFFFF
17.567918,FFFF,0,0,0, FF003BFF00FFFFFF
17.628919,FFFF,0,0,0, F0FF7D0000FFFFFF
17.781832,FFFF,0,0,0, 0000FFFF3FFFFFFF
17.865931,FFFF,0,0,0, 0000FFFFFFFFFFFF
17.982877,FFFF,0,0,0, FFCFFFFFFFFFFFFF
18.064853,FFFF,0,0,0, 64100B0B2003007D
18.173043,FFFF,0,0,0, 0000FFFF3FFFFFFF
18.291318,FFFF,0,0,0, F0FF7D0000FFFFFF
18.472875,FFFF,0,0,0, FF0000FF0BFFFFFF
18.594431,FFFF,0,0,0, 6406007DFFFFFFFF
18.695543,FFFF,0,0,0, F880F1F000DF03FC
18.849947,FFFF,0,0,0, FF0000FFFFFFFFFF
19.284131,FFFF,0,0,0, FF0000FF0BFFFFFF
19.344097,FFFF,0,0,0, F0FF7D0000FFFFFF
19.412076,FFFF,0,0,0, 6406007DFFFFFFFF
19.553619,FFFF,0,0,0, 6406007DFFFFFFFF
19.616611,FFFF,0,0,0, F0FF7D0000FFFFFF
19.693634,FFFF,0,0,0, FFFFFFFFFFFFFFFF
19.911327,FFFF,0,0,0, 6406007DFFFFFFFF
20.07339,FFFF,0,0,0, FF003BFF00FFFFFF
20.163719,FFFF,0,0,0, FF0000FF0BFFFFFF
20.258705,FFFF,0,0,0, F0FF7D0000FFFFFF
20.46206,FFFF,0,0,0, FCFFFFFFB4370010130000007C280010130000
20.695878,FFFF,0,0,0, 6406007DFFFFFFFF
20.753845,FFFF,0,0,0, F0FF7D0000FFFFFF
20.844867,FFFF,0,0,0, 0000FFFF3FFFFFFF
20.978091,FFFF,0,0,0, 0000FFFFFFFFFFFF
21.05409,FFFF,0,0,0, 6406007DFFFFFFFF
21.103062,FFFF,0,0,0, FF0000FFFFFFFFFF
21.190198,FFFF,0,0,0, 6406007DFFFFFFFF
21.349939,FFFF,0,0,0, 0000FFFF3FFFFFFF
21.407893,FFFF,0,0,0, F0FF7D0000FFFFFF
21.495995,FFFF,0,0,0, F0FF7D0000FFFFFF
21.622001,FFFF,0,0,0, F0FF7D0000FFFFFF
21.743138,FFFF,0,0,0, 6406007DFFFFFFFF
21.877153,FFFF,0,0,0, 0000FFFF3FFFFFFF
21.997373,FFFF,0,0,0, 0000FFFFFFFFFFFF
22.068481,FFFF,0,0,0, 6406007DFFFFFFFF
22.180574,FFFF,0,0,0, 64100B0B2003007D
22.25152,FFFF,0,0,0, FF0000FF0BFFFFFF
22.37478,FFFF,0,0,0, 0000FFFF3FFFFFFF
22.565889,FFFF,0,0,0, 7DFFFFFFFFFFFFFF
22.615858,FFFF,0,0,0, F0FF7D0000FFFFFF
22.665829,FFFF,0,0,0, FF0000FF0BFFFFFF
22.868428,FFFF,0,0,0, 73FFFFFFFFFFFFFF
23.005099,FFFF,0,0,0, 6406007DFFFFFFFF
23.092126,FFFF,0,0,0, 0000FFFF3FFFFFFF
23.144097,FFFF,0,0,0, F0FF7D0000FFFFFF
23.24204,FFFF,0,0,0, 0000FFFFFFFFFFFF
23.375895,FFFF,0,0,0, FFCFFFFFFFFFFFFF
23.55978,FFFF,0,0,0, 9E245E24FFFF60FE
23.61175,FFFF,0,0,0, 0000FFFF3FFFFFFF
23.783874,FFFF,0,0,0, 6406007DFFFFFFFF
23.917811,FFFF,0,0,0, 6406007DFFFFFFFF
24.010916,FFFF,0,0,0, 64100B0B2003007D
24.204097,FFFF,0,0,0, 0000FFFF3FFFFFFF
24.52554,FFFF,0,0,0, 0000FFFF3FFFFFFF
24.64578,FFFF,0,0,0, FF0000FF0BFFFFFF
24.855267,FFFF,0,0,0, 6406007DFFFFFFFF
24.99323,FFFF,0,0,0, 6406007DFFFFFFFF
25.102333,FFFF,0,0,0, FFFFFFFFFFFFFFFF
25.182332,FFFF,0,0,0, F0FF7D0000FFFFFF
25.273749,FFFF,0,0,0, F0FF7D0000FFFFFF
25.464647,FFFF,0,0,0, FF003CFF00FFFFFF
25.632165,FFFF,0,0,0, 5C031E031EFFFFFF
25.727111,FFFF,0,0,0, 6406007DFFFFFFFF
25.780089,FFFF,0,0,0, 5EFFFFFFFFFFFFFF
25.919031,FFFF,0,0,0, 6406007DFFFFFFFF
26.278853,FFFF,0,0,0, 0000FFFFFFFFFFFF
26.359792,FFFF,0,0,0, 6406007DFFFFFFFF
26.451182,FFFF,0,0,0, F0FF7D0000FFFFFF
26.545138,FFFF,0,0,0, 64100B0B2003007D
26.598107,FFFF,0,0,0, FFFFFFFFFFFFF500
26.651095,FFFF,0,0,0, F0FF7D0000FFFFFF
26.705046,FFFF,0,0,0, FF0000FF0BFFFFFF
26.757015,FFFF,0,0,0, 6406007DFFFFFFFF
26.842069,FFFF,0,0,0, 0000FFFF3FFFFFFF
26.956003,FFFF,0,0,0, F0FF7D0000FFFFFF
27.205207,FFFF,0,0,0, 5C031E031EFFFFFF
27.293438,FFFF,0,0,0, FF0000FF0BFFFFFF
27.435796,FFFF,0,0,0, 0000FFFF3FFFFFFF
27.496849,FFFF,0,0,0, F0FF7D0000FFFFFF
27.551807,FFFF,0,0,0, 6406007DFFFFFFFF
27.620778,FFFF,0,0,0, F0FF7D0000FFFFFF
27.714304,FFFF,0,0,0, FF0000FFFFFFFFFF
27.962441,FFFF,0,0,0, 5C031E031EFFFFFF
28.120602,FFFF,0,0,0, 0000FFFFFFFFFFFF
28.19264,FFFF,0,0,0, 64100B0B2003007D
28.346992,FFFF,0,0,0, 6406007DFFFFFFFF
28.443989,FFFF,0,0,0, 0000FFFF3FFFFFFF
28.524994,FFFF,0,0,0, FF0000FF0BFFFFFF
28.634175,FFFF,0,0,0, FF0000FF0BFFFFFF
28.749572,FFFF,0,0,0, 7DFFFFFFFFFFFFFF
28.920967,FFFF,0,0,0, A0245E24FFFF60FE
28.975927,FFFF,0,0,0, 0000FFFF3FFFFFFF
29.039891,FFFF,0,0,0, 5C031E031EFFFFFF
29.291307,FFFF,0,0,0, 6406007DFFFFFFFF
29.40659,FFFF,0,0,0, F0FF7D0000FFFFFF
29.500632,FFFF,0,0,0, F880F1F000DF03FC
29.57059,FFFF,0,0,0, 0000FFFF3FFFFFFF
29.626564,FFFF,0,0,0, FF0000FF0BFFFFFF
29.844059,FFFF,0,0,0, 64100B0B2003007D
29.930286,FFFF,0,0,0, 6406007DFFFFFFFF
30.07146,FFFF,0,0,0, F0FF7D0000FFFFFF
30.173631,FFFF,0,0,0, FFFFFFFFFFFFFF79
30.29684,FFFF,0,0,0, E5FE00
30.458906,FFFF,0,0,0, 6406007DFFFFFFFF
30.627439,FFFF,0,0,0, 0000FFFF3FFFFFFF
30.728045,FFFF,0,0,0, FF0000FF0BFFFFFF
30.789056,FFFF,0,0,0, 0000FFFFFFFFFFFF
30.904241,FFFF,0,0,0, 001BFFFFFFFFFFFF
30.962208,FFFF,0,0,0, 7DFFFFFFFFFFFFFF
31.019175,FFFF,0,0,0, F0FF7D0000FFFFFF
31.077139,FFFF,0,0,0, FF0000FF0BFFFFFF
31.143108,FFFF,0,0,0, 06007DFFFFFFFF18
31.260037,FFFF,0,0,0, 5C031E031EFFFFFF
31.51537,FFFF,0,0,0, F0FF7D0000FFFFFF
31.65546,FFFF,0,0,0, F0FF7D0000FFFFFF
31.714427,FFFF,0,0,0, FF0000FF0BFFFFFF
31.892352,FFFF,0,0,0, 6406007DFFFFFFFF
32.265421,FFFF,0,0,0, 6406007DFFFFFFFF
32.421714,FFFF,0,0,0, F0FF7D0000FFFFFF
32.480653,FFFF,0,0,0, FF0000FF0BFFFFFF
32.624916,FFFF,0,0,0, 0000FFFF3FFFFFFF
32.71391,FFFF,0,0,0, 6406007DFFFFFFFF
32.892302,FFFF,0,0,0, 7D021EFFFFFFFFFF
32.950268,FFFF,0,0,0, F0FF7D0000FFFFFF
33.008234,FFFF,0,0,0, FF0000FF0BFFFFFF
33.080194,FFFF,0,0,0, FFFFFFFFFFFFFFFF
33.139157,FFFF,0,0,0, FFFFFF00FFFFFFFA
33.211118,FFFF,0,0,0, 5C031E031EFFFFFF
33.271088,FFFF,0,0,0, F0FF7D0000FFFFFF
33.328052,FFFF,0,0,0, FF0000FF0BFFFFFF
33.557616,FFFF,0,0,0, FF0000FF0BFFFFFF
33.85656,FFFF,0,0,0, F0FF7D0000FFFFFF
33.956816,FFFF,0,0,0, 0000FFFFFFFFFFFF
34.02683,FFFF,0,0,0, FF0000FF0BFFFFFF
34.083799,FFFF,0,0,0, 6406007DFFFFFFFF
34.167956,FFFF,0,0,0, FFCFFFFFFFFFFFFF
34.262913,FFFF,0,0,0, 6406007DFFFFFFFF
34.425426,FFFF,0,0,0, F0FF7D0000FFFFFF
34.517365,FFFF,0,0,0, F0FF7D0000FFFFFF
34.623422,FFFF,0,0,0, FF0000FFFFFFFFFF
34.734399,FFFF,0,0,0, 6406007DFFFFFFFF
34.856116,FFFF,0,0,0, F0FF7D0000FFFFFF
34.937216,FFFF,0,0,0, F0FF7D0000FFFFFF
35.105665,FFFF,0,0,0, FF0000FF0BFFFFFF
35.165619,FFFF,0,0,0, 6406007DFFFFFFFF
35.239622,FFFF,0,0,0, 7DFFFFFFFFFFFFFF
35.324558,FFFF,0,0,0, 64100B0B2003007D
35.386536,FFFF,0,0,0, FF0000FF0BFFFFFF
35.470478,FFFF,0,0,0, 0000FFFF3FFFFFFF
35.530453,FFFF,0,0,0, 0000FFFF3FFFFFFF
35.748869,FFFF,0,0,0, F0FF7D0000FFFFFF
35.999917,FFFF,0,0,0, 6406007DFFFFFFFF
36.187638,FFFF,0,0,0, 6406007DFFFFFFFF
36.275573,FFFF,0,0,0, 001BFFFFFFFFFFFF
36.337549,FFFF,0,0,0, 7DFFFFFFFFFFFFFF
36.418565,FFFF,0,0,0, 6406007DFFFFFFFF
36.537713,FFFF,0,0,0, FF0000FF0BFFFFFF
36.838622,FFFF,0,0,0, FFFFFFFFFFFFFFFF
36.92263,FFFF,0,0,0, 7DFFFFFFFFFFFFFF
37.003652,FFFF,0,0,0, FF0000FF0BFFFFFF
37.076675,FFFF,0,0,0, FF0000FF0BFFFFFF
37.137671,FFFF,0,0,0, 6406007DFFFFFFFF
37.20379,FFFF,0,0,0, 5C031E031EFFFFFF
37.264738,FFFF,0,0,0, 00057DF8FFFFFFFF
37.357683,FFFF,0,0,0, 393BFFFFFFFFFFFF
37.418662,FFFF,0,0,0, F0FF7D0000FFFFFF
37.479628,FFFF,0,0,0, FF0000FF0BFFFFFF
37.544589,FFFF,0,0,0, FFFFFFFFFFFFFFFF
37.622729,FFFF,0,0,0, F0FF7D0000FFFFFF
37.753163,FFFF,0,0,0, FF0000FF0BFFFFFF
37.849176,FFFF,0,0,0, 7DFFFFFFFFFFFFFF
37.956278,FFFF,0,0,0, 6406007DFFFFFFFF
38.032256,FFFF,0,0,0, FFFFFFFFFFFFF500
38.286804,FFFF,0,0,0, F0FF7D0000FFFFFF
38.410722,FFFF,0,0,0, 6406007DFFFFFFFF
38.481694,FFFF,0,0,0, 5C031E031EFFFFFF
38.96132,FFFF,0,0,0, FFFFFFFFFFFFFFFF
39.036277,FFFF,0,0,0, 5DFFFFF3FFFFFFFF
39.160001,FFFF,0,0,0, 6406007DFFFFFFFF
39.331636,FFFF,0,0,0, FF0000FF0BFFFFFF
39.453551,FFFF,0,0,0, 6406007DFFFFFFFF
40.019783,FFFF,0,0,0, FFFFFFFFFFFFFFFF
40.081744,FFFF,0,0,0, A0246024FFFF60FE
40.2022,FFFF,0,0,0, F0FF7D0000FFFFFF
40.35505,FFFF,0,0,0, FF0000FFFFFFFFFF
40.420002,FFFF,0,0,0, 0000FFFFFFFFFFFF
40.484964,FFFF,0,0,0, 7DFFFFFFFFFFFFFF
40.626298,FFFF,0,0,0, 64100B0B2003007D
40.724304,FFFF,0,0,0, 6406007DFFFFFFFF
40.800323,FFFF,0,0,0, FF0000FF0BFFFFFF
40.942666,FFFF,0,0,0, F0FF7D0000FFFFFF
41.195726,FFFF,0,0,0, F0FF7D0000FFFFFF
41.268734,FFFF,0,0,0, 6406007DFFFFFFFF
41.578146,FFFF,0,0,0, 6406007DFFFFFFFF
42.067932,FFFF,0,0,0, FF0000FF0BFFFFFF
42.139878,FFFF,0,0,0, FFFFFFFFFFFFFFFF
42.23882,FFFF,0,0,0, F0FF7D0000FFFFFF
42.37616,FFFF,0,0,0, FFFFFFFFFFFFFFFF
42.471137,FFFF,0,0,0, 7DFFFFFFFFFFFFFF
42.789626,FFFF,0,0,0, 0000FFFF3FFFFFFF
42.852586,FFFF,0,0,0, F0FF7D0000FFFFFF
42.917549,FFFF,0,0,0, 7D021EFFFFFFFFFF
43.239021,FFFF,0,0,0, 6406007DFFFFFFFF
43.521111,FFFF,0,0,0, 6406007DFFFFFFFF
43.78559,FFFF,0,0,0, F0FF7D0000FFFFFF
44.379589,FFFF,0,0,0, 64100B0B2003007D
44.60155,FFFF,0,0,0, F0FF7D0000FFFFFF
44.838158,FFFF,0,0,0, F0FF7D0000FFFFFF
45.053801,FFFF,0,0,0, F0FF7D0000FFFFFF
45.132816,FFFF,0,0,0, FFFFFFFFFFFFFFFF
45.200763,FFFF,0,0,0, A2246024FFFF60FE
45.26474,FFFF,0,0,0, 0000FFFF3FFFFFFF
45.330704,FFFF,0,0,0, 0000FFFF3FFFFFFF
45.395664,FFFF,0,0,0, 5C031E031EFFFFFF
45.460627,FFFF,0,0,0, F0FF7D0000FFFFFF
45.525576,FFFF,0,0,0, FF0000FF0BFFFFFF
45.593537,FFFF,0,0,0, 6406007DFFFFFFFF
45.659514,FFFF,0,0,0, F0FF7D0000FFFFFF
45.725473,FFFF,0,0,0, 7D021EFFFFFFFFFF
45.79849,FFFF,0,0,0, 6406007DFFFFFFFF
45.862453,FFFF,0,0,0, FF0000FFFFFFFFFF
45.928415,FFFF,0,0,0, 0000FFFFFFFFFFFF
45.992392,FFFF,0,0,0, 7DFFFFFFFFFFFFFF
46.057341,FFFF,0,0,0, F0FF7D0000FFFFFF
46.121303,FFFF,0,0,0, FF0000FF0BFFFFFF
46.187271,FFFF,0,0,0, 6406007DFFFFFFFF
46.252216,FFFF,0,0,0, F0FF7D0000FFFFFF
46.31819,FFFF,0,0,0, FF0000FF0BFFFFFF
46.385153,FFFF,0,0,0, 6406007DFFFFFFFF
46.451102,FFFF,0,0,0, 64100B0B2003007D
46.517065,FFFF,0,0,0, 5C031E031EFFFFFF
46.586024,FFFF,0,0,0, F0FF7D0000FFFFFF
46.655985,FFFF,0,0,0, FF0000FF0BFFFFFF
46.722959,FFFF,0,0,0, 6406007DFFFFFFFF
46.789923,FFFF,0,0,0, F0FF7D0000FFFFFF
46.855881,FFFF,0,0,0, FF0000FF0BFFFFFF
46.923847,FFFF,0,0,0, 6406007DFFFFFFFF
46.991807,FFFF,0,0,0, FFFFFFFFFFFFFFFF
47.058769,FFFF,0,0,0, F880F1F000DF03FC
47.124726,FFFF,0,0,0, 0000FFFF3FFFFFFF
47.191688,FFFF,0,0,0, 0000FFFF3FFFFFFF
47.258648,FFFF,0,0,0, F0FF7D0000FFFFFF
47.326609,FFFF,0,0,0, FF0000FF0BFFFFFF
47.394576,FFFF,0,0,0, 6406007DFFFFFFFF
47.462536,FFFF,0,0,0, 0000FFFFFFFFFFFF
47.530492,FFFF,0,0,0, F0FF7D0000FFFFFF
47.59745,FFFF,0,0,0, FF0000FF0BFFFFFF
47.6674,FFFF,0,0,0, 6406007DFFFFFFFF
47.737373,FFFF,0,0,0, FF0000FFFFFFFFFF
47.805334,FFFF,0,0,0, 7DFFFFFFFFFFFFFF
47.872295,FFFF,0,0,0, F0FF7D0000FFFFFF
47.940267,FFFF,0,0,0, FF0000FF0BFFFFFF
48.008222,FFFF,0,0,0, 6406007DFFFFFFFF
48.076178,FFFF,0,0,0, 64100B0B2003007D
48.143139,FFFF,0,0,0, F0FF7D0000FFFFFF
48.212104,FFFF,0,0,0, FF0000FF0BFFFFFF
48.28006,FFFF,0,0,0, 6406007DFFFFFFFF
48.348009,FFFF,0,0,0, FFFFFFFFFFFFFFFF
48.416986,FFFF,0,0,0, 0000FFFF3FFFFFFF
48.484947,FFFF,0,0,0, 0000FFFF3FFFFFFF
48.553907,FFFF,0,0,0, 5C031E031EFFFFFF
48.622868,FFFF,0,0,0, F0FF7D0000FFFFFF
48.694809,FFFF,0,0,0, FF0000FF0BFFFFFF
48.765769,FFFF,0,0,0, 6406007DFFFFFFFF
48.834741,FFFF,0,0,0, FFFF0A25FFFFFFFF
48.903701,FFFF,0,0,0, 64070000FFFFFFFF
48.97566,FFFF,0,0,0, F0FF7D0000FFFFFF
49.04462,FFFF,0,0,0, FF0000FF0BFFFFFF
49.114566,FFFF,0,0,0, 6406007DFFFFFFFF
49.184539,FFFF,0,0,0, FF0000FFFFFFFFFF
49.254504,FFFF,0,0,0, 0000FFFFFFFFFFFF
49.325458,FFFF,0,0,0, 7DFFFFFFFFFFFFFF
49.395418,FFFF,0,0,0, F0FF7D0000FFFFFF
49.479445,FFFF,0,0,0, 6406007DFFFFFFFF
49.551405,FFFF,0,0,0, F0FF7D0000FFFFFF
49.623381,FFFF,0,0,0, FF0000FF0BFFFFFF
49.696321,FFFF,0,0,0, 6406007DFFFFFFFF
49.78427,FFFF,0,0,0, 64100B0B2003007D
49.85423,FFFF,0,0,0, 7D021EFFFFFFFFFF
49.925189,FFFF,0,0,0, 5C031E031EFFFFFF
49.995163,FFFF,0,0,0, F0FF7D0000FFFFFF
50.065111,FFFF,0,0,0, FF0000FF0BFFFFFF
50.135074,FFFF,0,0,0, 6406007DFFFFFFFF
50.208026,FFFF,0,0,0, FFFFFF00FFFFFFFA
50.280004,FFFF,0,0,0, F0FF7D0000FFFFFF
50.353952,FFFF,0,0,0, FF0000FF0BFFFFFF
50.424911,FFFF,0,0,0, 6406007DFFFFFFFF
50.496877,FFFF,0,0,0, FFFFFFFFFFFFFFFF
50.569817,FFFF,0,0,0, 5DFFFFF3FFFFFFFF
50.641776,FFFF,0,0,0, 0000FFFF3FFFFFFF
50.714734,FFFF,0,0,0, 0000FFFF3FFFFFFF
50.79169,FFFF,0,0,0, F0FF7D0000FFFFFF
50.863648,FFFF,0,0,0, FF0000FF0BFFFFFF
50.937606,FFFF,0,0,0, 6406007DFFFFFFFF
51.008575,FFFF,0,0,0, 0000FFFFFFFFFFFF
51.081533,FFFF,0,0,0, F0FF7D0000FFFFFF
51.153492,FFFF,0,0,0, FF0000FF0BFFFFFF
51.226449,FFFF,0,0,0, 6406007DFFFFFFFF
51.298399,FFFF,0,0,0, FF0000FFFFFFFFFF
51.373355,FFFF,0,0,0, 001BFFFFFFFFFFFF
51.446313,FFFF,0,0,0, 7DFFFFFFFFFFFFFF
51.519309,FFFF,0,0,0, F0FF7D0000FFFFFF
51.59124,FFFF,0,0,0, FF0000FF0BFFFFFF
51.664188,FFFF,0,0,0, 6406007DFFFFFFFF
51.737147,FFFF,0,0,0, 64100B0B2003007D
51.813102,FFFF,0,0,0, FF003CFF00FFFFFF
51.88506,FFFF,0,0,0, F0FF7D0000FFFFFF
51.961038,FFFF,0,0,0, 6406007DFFFFFFFF
52.042979,FFFF,0,0,0, FF0000FF0BFFFFFF
52.125922,FFFF,0,0,0, 3AFFFFFFFFFFFFFF
52.20088,FFFF,0,0,0, FFFFFFFFFFFFFFFF
52.274836,FFFF,0,0,0, 73FFFFFFFFFFFFFF
52.348793,FFFF,0,0,0, 5C031E031EFFFFFF
52.42276,FFFF,0,0,0, F0FF7D0000FFFFFF
52.499713,FFFF,0,0,0, FF0000FF0BFFFFFF
52.594653,FFFF,0,0,0, F0FF7D0000FFFFFF
52.668629,FFFF,0,0,0, FF0000FF0BFFFFFF
52.743579,FFFF,0,0,0, 6406007DFFFFFFFF
52.818525,FFFF,0,0,0, 5EFFFFFFFFFFFFFF
52.913469,FFFF,0,0,0, FF0000FFFFFFFFFF
53.017408,FFFF,0,0,0, 0000FFFFFFFFFFFF
53.119365,FFFF,0,0,0, FFFFFFFFFFFFFFFF
53.220306,FFFF,0,0,0, F0FF7D0000FFFFFF
53.322248,FFFF,0,0,0, FF0000FF0BFFFFFF
53.431172,FFFF,0,0,0, 6406007DFFFFFFFF
53.533111,FFFF,0,0,0, F0FF7D0000FFFFFF
53.645048,FFFF,0,0,0, FF0000FF0BFFFFFF
53.752985,FFFF,0,0,0, 6406007DFFFFFFFF
53.856925,FFFF,0,0,0, 64100B0B2003007D
53.976856,FFFF,0,0,0, 5C031E031EFFFFFF
54.076798,FFFF,0,0,0, 00057DF8FFFFFFFF
54.17674,FFFF,0,0,0, F0FF7D0000FFFFFF
54.28168,FFFF,0,0,0, FF0000FF0BFFFFFF
54.382622,FFFF,0,0,0, 6406007DFFFFFFFF
54.483564,FFFF,0,0,0, 3A3BFFFFFFFFFFFF
54.585505,FFFF,0,0,0, F0FF7D0000FFFFFF
54.686447,FFFF,0,0,0, FF0000FF0BFFFFFF
54.788403,FFFF,0,0,0, 6406007DFFFFFFFF
54.893328,FFFF,0,0,0, FFFFFFFFFFFFFFFF
55.002265,FFFF,0,0,0, 0000FFFF3FFFFFFF
55.104207,FFFF,0,0,0, 0000FFFF3FFFFFFF
55.207147,FFFF,0,0,0, F0FF7D0000FFFFFF
55.311087,FFFF,0,0,0, 7D021EFFFFFFFFFF
55.415029,FFFF,0,0,0, FF0000FF0BFFFFFF
55.517968,FFFF,0,0,0, 6406007DFFFFFFFF
55.619909,FFFF,0,0,0, 0000FFFFFFFFFFFF
55.723853,FFFF,0,0,0, F0FF7D0000FFFFFF
55.824791,FFFF,0,0,0, FF0000FF0BFFFFFF
55.93173,FFFF,0,0,0, 6406007DFFFFFFFF
56.03567,FFFF,0,0,0, FF0000FFFFFFFFFF
56.137611,FFFF,0,0,0, 7DFFFFFFFFFFFFFF
56.241551,FFFF,0,0,0, F0FF7D0000FFFFFF
56.344492,FFFF,0,0,0, 22FFFF3CFFFFFFFF
56.446433,FFFF,0,0,0, FF0000FF0BFFFFFF
56.550375,FFFF,0,0,0, 6406007DFFFFFFFF
56.655313,FFFF,0,0,0, 64100B0B2003007D
56.760252,FFFF,0,0,0, FFFFFFFFFFFFF500
56.863193,FFFF,0,0,0, F0FF7D0000FFFFFF
56.971132,FFFF,0,0,0, FF0000FF0BFFFFFF
57.082067,FFFF,0,0,0, 6406007DFFFFFFFF
57.185008,FFFF,0,0,0, FFFFFFFFFFFFFFFF
57.289948,FFFF,0,0,0, 0000FFFF3FFFFFFF
57.393889,FFFF,0,0,0, 0000FFFF3FFFFFFF
57.498827,FFFF,0,0,0, 5C031E031EFFFFFF
57.603767,FFFF,0,0,0, F0FF7D0000FFFFFF
57.708722,FFFF,0,0,0, FF0000FF0BFFFFFF
57.812646,FFFF,0,0,0, 6406007DFFFFFFFF
57.917586,FFFF,0,0,0, F0FF7D0000FFFFFF
58.028522,FFFF,0,0,0, FF0000FF0BFFFFFF
58.146455,FFFF,0,0,0, FF0000FFFFFFFFFF
58.251394,FFFF,0,0,0, 0000FFFFFFFFFFFF
58.338343,FFFF,0,0,0, 7DFFFFFFFFFFFFFF
58.417298,FFFF,0,0,0, F0FF7D0000FFFFFF
58.498266,FFFF,0,0,0, FF0000FF0BFFFFFF
58.579205,FFFF,0,0,0, 6406007DFFFFFFFF
58.658159,FFFF,0,0,0, F0FF7D0000FFFFFF
58.736115,FFFF,0,0,0, FF0000FF0BFFFFFF
58.815079,FFFF,0,0,0, 6406007DFFFFFFFF
58.895038,FFFF,0,0,0, 64100B0B2003007D
58.973978,FFFF,0,0,0, 5C031E031EFFFFFF
59.054949,FFFF,0,0,0, FFFFFCFFFFFFFFFF
59.134885,FFFF,0,0,0, F0FF7D0000FFFFFF
59.214839,FFFF,0,0,0, FF0000FF0BFFFFFF
59.295792,FFFF,0,0,0, 6406007DFFFFFFFF
59.373761,FFFF,0,0,0, F0FF7D0000FFFFFF
59.453701,FFFF,0,0,0, FF0000FF0BFFFFFF
59.532674,FFFF,0,0,0, 6406007DFFFFFFFF
59.612609,FFFF,0,0,0, FFFFFFFFFFFFFFFF
59.691564,FFFF,0,0,0, FFFF0A25FFFFFFFF
59.771519,FFFF,0,0,0, 0000FFFF3FFFFFFF
59.850473,FFFF,0,0,0, 0000FFFF3FFFFFFF
59.930426,FFFF,0,0,0, F0FF7D0000FFFFFF
60.009381,FFFF,0,0,0, FF0000FF0BFFFFFF
60.091334,FFFF,0,0,0, 6406007DFFFFFFFF
60.17229,FFFF,0,0,0, 0000FFFFFFFFFFFF
60.252252,FFFF,0,0,0, F0FF7D0000FFFFFF
60.332205,FFFF,0,0,0, FF0000FF0BFFFFFF
60.414148,FFFF,0,0,0, 6406007DFFFFFFFF
60.495108,FFFF,0,0,0, FF0000FFFFFFFFFF
60.577064,FFFF,0,0,0, 7DFFFFFFFFFFFFFF
60.659007,FFFF,0,0,0, F0FF7D0000FFFFFF
60.739973,FFFF,0,0,0, FF0000FF0BFFFFFF
60.820927,FFFF,0,0,0, 6406007DFFFFFFFF
60.902901,FFFF,0,0,0, 64100B0B2003007D
60.982832,FFFF,0,0,0, 7D021EFFFFFFFFFF
61.064784,FFFF,0,0,0, F0FF7D0000FFFFFF
61.147734,FFFF,0,0,0, FF0000FF0BFFFFFF
61.229678,FFFF,0,0,0, 6406007DFFFFFFFF
61.310642,FFFF,0,0,0, FFFFFFFFFFFFFFFF
61.392585,FFFF,0,0,0, FFFFFF00FFFFFFFA
61.474537,FFFF,0,0,0, 5DFFFFF3FFFFFFFF
61.557521,FFFF,0,0,0, 0000FFFF3FFFFFFF
61.639474,FFFF,0,0,0, 0000FFFFB4370010130000007C280010130000
61.721426,FFFF,0,0,0, F0FF7D0000FFFFFF
61.817712,FFFF,0,0,0, 6406007DFFFFFFFF
61.898674,FFFF,0,0,0, F0FF7D0000FFFFFF
61.980627,FFFF,0,0,0, FF0000FF0BFFFFFF
62.062585,FFFF,0,0,0, 6406007DFFFFFFFF
62.146532,FFFF,0,0,0, FF0000FFFFFFFFFF
62.229475,FFFF,0,0,0, 0000FFFFFFFFFFFF
62.313426,FFFF,0,0,0, 7DFFFFFFFFFFFFFF
62.396391,FFFF,0,0,0, F0FF7D0000FFFFFF
62.480329,FFFF,0,0,0, FF0000FF0BFFFFFF
62.563315,FFFF,0,0,0, 6406007DFFFFFFFF
62.645244,FFFF,0,0,0, F0FF7D0000FFFFFF
62.728227,FFFF,0,0,0, FF0000FF0BFFFFFF
62.811179,FFFF,0,0,0, 6406007DFFFFFFFF
62.89616,FFFF,0,0,0, 64100B0B2003007D
62.980082,FFFF,0,0,0, 5C031E031EFFFFFF
63.065033,FFFF,0,0,0, FF003CFF00FFFFFF
63.148985,FFFF,0,0,0, 73FFFFFFFFFFFFFF
63.321885,FFFF,0,0,0, F0FF7D0000FFFFFF
63.419132,FFFF,0,0,0, 6406007DFFFFFFFF
63.503083,FFFF,0,0,0, F0FF7D0000FFFFFF
63.587034,FFFF,0,0,0, FF0000FF0BFFFFFF
63.670986,FFFF,0,0,0, 6406007DFFFFFFFF
63.755937,FFFF,0,0,0, FFFFFFFFFFFFFFFF
63.839889,FFFF,0,0,0, FCFFFFFFFFFFFFFF
63.92484,FFFF,0,0,0, 0000FFFF3FFFFFFF
64.007792,FFFF,0,0,0, F0FF7D0000FFFFFF
64.091744,FFFF,0,0,0, 022C0000180C00A5
64.177695,FFFF,0,0,0, FF0000FF0BFFFFFF
64.267643,FFFF,0,0,0, 6406007DFFFFFFFF
64.353593,FFFF,0,0,0, 0000FFFFFFFFFFFF
64.439558,FFFF,0,0,0, F0FF7D0000FFFFFF
64.527493,FFFF,0,0,0, FF0000FF0BFFFFFF
64.618443,FFFF,0,0,0, FF0000FFFFFFFFFF
64.704391,FFFF,0,0,0, C9FFFFFFFF38FFFF
64.789342,FFFF,0,0,0, FFCFFFFFFFFFFFFF
64.876292,FFFF,0,0,0, F0FF7D0000FFFFFF
64.963242,FFFF,0,0,0, FF0000FF0BFFFFFF
65.049209,FFFF,0,0,0, 6406007DFFFFFFFF
65.135143,FFFF,0,0,0, 64100B0B2003007D
65.221094,FFFF,0,0,0, F0FF7D0000FFFFFF
65.309043,FFFF,0,0,0, FF0000FF0BFFFFFF
65.395993,FFFF,0,0,0, 6406007DFFFFFFFF
65.483956,FFFF,0,0,0, FFFFFFFFFFFFFFFF
65.570892,FFFF,0,0,0, A2246024FFFF60FE
65.656848,FFFF,0,0,0, 0000FFFF3FFFFFFF
65.742808,FFFF,0,0,0, 0000FFFF3FFFFFFF
65.837738,FFFF,0,0,0, F0FF7D0000FFFFFF
65.923689,FFFF,0,0,0, FF0000FF0BFFFFFF
66.010639,FFFF,0,0,0, 6406007DFFFFFFFF
66.097589,FFFF,0,0,0, F0FF7D0000FFFFFF
66.183539,FFFF,0,0,0, 7D021EFFFFFFFFFF
66.272489,FFFF,0,0,0, FF0000FF0BFFFFFF
66.361437,FFFF,0,0,0, 6406007DFFFFFFFF
66.449401,FFFF,0,0,0, FF0000FFFFFFFFFF
66.536419,FFFF,0,0,0, 0000FFFFFFFFFFFF
66.622369,FFFF,0,0,0, 7DFFFFFFFFFFFFFF
66.709322,FFFF,0,0,0, F0FF7D0000FFFFFF
66.797259,FFFF,0,0,0, FF0000FF0BFFFFFF
66.883223,FFFF,0,0,0, 6406007DFFFFFFFF
66.971169,FFFF,0,0,0, F0FF7D0000FFFFFF
67.0763,FFFF,0,0,0, 6406007DFFFFFFFF
67.163238,FFFF,0,0,0, 64100B0B2003007D
67.251185,FFFF,0,0,0, 5C031E031EFFFFFF
67.340148,FFFF,0,0,0, F0FF7D0000FFFFFF
67.430083,FFFF,0,0,0, FF0000FF0BFFFFFF
67.518031,FFFF,0,0,0, 6406007DFFFFFFFF
67.604995,FFFF,0,0,0, F0FF7D0000FFFFFF
67.691945,FFFF,0,0,0, FF0000FF0BFFFFFF
67.780898,FFFF,0,0,0, 6406007DFFFFFFFF
67.867843,FFFF,0,0,0, FFFFFFFFFFFFFFFF
67.956792,FFFF,0,0,0, F880F1F000DF03FC
68.043742,FFFF,0,0,0, 0000FFFF3FFFFFFF
68.130693,FFFF,0,0,0, 0000FFFFB4370010130000007C280010130000
68.227623,FFFF,0,0,0, FF0000FF0BFFFFFF
68.317585,FFFF,0,0,0, 6406007DFFFFFFFF
68.40652,FFFF,0,0,0, 0000FFFFFFFFFFFF
68.496468,FFFF,0,0,0, F0FF7D0000FFFFFF
68.584436,FFFF,0,0,0, FF0000FF0BFFFFFF
68.673379,FFFF,0,0,0, 6406007DFFFFFFFF
68.762317,FFFF,0,0,0, FF0000FFFFFFFFFF
68.851284,FFFF,0,0,0, 7DFFFFFFFFFFFFFF
68.942225,FFFF,0,0,0, F0FF7D0000FFFFFF
69.031171,FFFF,0,0,0, FF0000FF0BFFFFFF
69.12212,FFFF,0,0,0, 6406007DFFFFFFFF
69.21207,FFFF,0,0,0, 64100B0B2003007D
69.302004,FFFF,0,0,0, F0FF7D0000FFFFFF
69.410944,FFFF,0,0,0, 6406007DFFFFFFFF
69.507887,FFFF,0,0,0, FFFFFFFFFFFFFFFF
69.597847,FFFF,0,0,0, 0000FFFF3FFFFFFF
69.688781,FFFF,0,0,0, 0000FFFF3FFFFFFF
69.778743,FFFF,0,0,0, 5C031E031EFFFFFF
69.867692,FFFF,0,0,0, F0FF7D0000FFFFFF
69.95764,FFFF,0,0,0, FF0000FF0BFFFFFF
70.047588,FFFF,0,0,0, 6406007DFFFFFFFF
70.139521,FFFF,0,0,0, FFFF0A25FFFFFFFF
70.229488,FFFF,0,0,0, 64070000FFFFFFFF
70.321432,FFFF,0,0,0, F0FF7D0000FFFFFF
70.414364,FFFF,0,0,0, 22FFFF3CFFFFFFFF
70.505311,FFFF,0,0,0, FF0000FF0BFFFFFF
70.612263,FFFF,0,0,0, FF0000FFFFFFFFFF
70.704212,FFFF,0,0,0, 0000FFFFFFFFFFFF
70.795157,FFFF,0,0,0, 7DFFFFFFFFFFFFFF
70.887091,FFFF,0,0,0, F0FF7D0000FFFFFF
70.979051,FFFF,0,0,0, FF0000FF0BFFFFFF
71.070004,FFFF,0,0,0, 6406007DFFFFFFFF
71.161947,FFFF,0,0,0, F0FF7D0000FFFFFF
71.252893,FFFF,0,0,0, FF0000FF0BFFFFFF
71.344828,FFFF,0,0,0, 6406007DFFFFFFFF
71.437774,FFFF,0,0,0, 64100B0B2003007D
71.531722,FFFF,0,0,0, 7D021EFFFFFFFFFF
71.62368,FFFF,0,0,0, 5C031E031EFFFFFF
71.733619,FFFF,0,0,0, FF0000FF0BFFFFFF
71.826563,FFFF,0,0,0, 6406007DFFFFFFFF
71.918511,FFFF,0,0,0, FFFFFF00FFFFFFFA
72.009464,FFFF,0,0,0, F0FF7D0000FFFFFF
72.102447,FFFF,0,0,0, FF0000FF0BFFFFFF
72.194392,FFFF,0,0,0, 6406007DFFFFFFFF
72.28633,FFFF,0,0,0, FFFFFFFFFFFFFFFF
72.379294,FFFF,0,0,0, 5DFFFFF3FFFFFFFF
72.475241,FFFF,0,0,0, 0000FFFF3FFFFFFF
72.585157,FFFF,0,0,0, F0FF7D0000FFFFFF
72.677114,FFFF,0,0,0, FF0000FF0BFFFFFF
72.770066,FFFF,0,0,0, 6406007DFFFFFFFF
72.862997,FFFF,0,0,0, 0000FFFFFFFFFFFF
72.957945,FFFF,0,0,0, F0FF7D0000FFFFFF
73.052903,FFFF,0,0,0, FF0000FF0BFFFFFF
73.146846,FFFF,0,0,0, 6406007DFFFFFFFF
73.2408,FFFF,0,0,0, FF0000FFFFFFFFFF
73.335726,FFFF,0,0,0, 001BFFFFFFFFFFFF
73.435668,FFFF,0,0,0, F0FF7D0000FFFFFF
73.530627,FFFF,0,0,0, FF0000FF0BFFFFFF
73.626558,FFFF,0,0,0, 6406007DFFFFFFFF
73.719515,FFFF,0,0,0, 64100B0B2003007D
73.813469,FFFF,0,0,0, FF003CFF00FFFFFF
73.906397,FFFF,0,0,0, F0FF7D0000FFFFFF
74.000353,FFFF,0,0,0, 6406007DFFFFFFFF
74.093302,FFFF,0,0,0, FF0000FF0BFFFFFF
74.187235,FFFF,0,0,0, FFFFFFFFFFFFFFFF
74.281181,FFFF,0,0,0, 73FFFFFFFFFFFFFF
74.376128,FFFF,0,0,0, 0000FFFF3FFFFFFF
74.470082,FFFF,0,0,0, 0000FFFF3FFFFFFF
74.567026,FFFF,0,0,0, 5C031E031EFFFFFF
74.662971,FFFF,0,0,0, F0FF7D0000FFFFFF
74.757906,FFFF,0,0,0, FF0000FF0BFFFFFF
74.851862,FFFF,0,0,0, 6406007DFFFFFFFF
74.947807,FFFF,0,0,0, F0FF7D0000FFFFFF
75.050803,FFFF,0,0,0, 6406007DFFFFFFFF
75.146762,FFFF,0,0,0, 5EFFFFFFFFFFFFFF
75.241714,FFFF,0,0,0, FF0000FFFFFFFFFF
75.336652,FFFF,0,0,0, 0000FFFFFFFFFFFF
75.432602,FFFF,0,0,0, FFFFFFFFFFFFFFFF
75.528542,FFFF,0,0,0, FFCFFFFFFFFFFFFF
75.62649,FFFF,0,0,0, FCFFFFFFFFFFFFFF
75.723434,FFFF,0,0,0, 7DFFFFFFFFFFFFFF
75.828357,FFFF,0,0,0, FF0000FF0BFFFFFF
75.924322,FFFF,0,0,0, 6406007DFFFFFFFF
76.01926,FFFF,0,0,0, F0FF7D0000FFFFFF
76.113205,FFFF,0,0,0, FF0000FF0BFFFFFF
76.20815,FFFF,0,0,0, 6406007DFFFFFFFF
76.304082,FFFF,0,0,0, 64100B0B2003007D
76.399041,FFFF,0,0,0, 5C031E031EFFFFFF
76.49599,FFFF,0,0,0, 00057DF8FFFFFFFF
76.593914,FFFF,0,0,0, F0FF7D0000FFFFFF
76.690859,FFFF,0,0,0, FF0000FF0BFFFFFF
76.788821,FFFF,0,0,0, 6406007DFFFFFFFF
76.885747,FFFF,0,0,0, 3A3BFFFFFFFFFFFF
76.993747,FFFF,0,0,0, FF0000FF0BFFFFFF
77.089682,FFFF,0,0,0, 6406007DFFFFFFFF
77.185636,FFFF,0,0,0, FFFFFFFFFFFFFFFF
77.282573,FFFF,0,0,0, 0000FFFF3FFFFFFF
77.378525,FFFF,0,0,0, 0000FFFF3FFFFFFF
77.475459,FFFF,0,0,0, F0FF7D0000FFFFFF
77.571414,FFFF,0,0,0, 7D021EFFFFFFFFFF
77.67035,FFFF,0,0,0, FF0000FF0BFFFFFF
77.768291,FFFF,0,0,0, 6406007DFFFFFFFF
77.864245,FFFF,0,0,0, 0000FFFFFFFFFFFF
77.961187,FFFF,0,0,0, F0FF7D0000FFFFFF
78.072125,FFFF,0,0,0, 6406007DFFFFFFFF
78.169071,FFFF,0,0,0, FF0000FFFFFFFFFF
78.266013,FFFF,0,0,0, 7DFFFFFFFFFFFFFF
78.36396,FFFF,0,0,0, F0FF7D0000FFFFFF
78.461891,FFFF,0,0,0, FF0000FF0BFFFFFF
78.558835,FFFF,0,0,0, 6406007DFFFFFFFF
78.657778,FFFF,0,0,0, 64100B0B2003007D
78.75972,FFFF,0,0,0, FFFFFFFFFFFFF500
78.857673,FFFF,0,0,0, F0FF7D0000FFFFFF
78.956616,FFFF,0,0,0, FF0000FF0BFFFFFF
79.05456,FFFF,0,0,0, 6406007DFFFFFFFF
79.152513,FFFF,0,0,0, FFFFFFFFFFFFFFFF
79.254447,FFFF,0,0,0, 0000FFFF3FFFFFFF
79.353387,FFFF,0,0,0, 5C031E031EFFFFFF
79.453344,FFFF,0,0,0, F0FF7D0000FFFFFF
79.551264,FFFF,0,0,0, FF0000FF0BFFFFFF
79.649217,FFFF,0,0,0, 6406007DFFFFFFFF
79.749149,FFFF,0,0,0, F0FF7D0000FFFFFF
79.850119,FFFF,0,0,0, FF0000FF0BFFFFFF
79.949047,FFFF,0,0,0, 6406007DFFFFFFFF
80.046992,FFFF,0,0,0, FF0000FFFFFFFFFF
80.143933,FFFF,0,0,0, 0000FFFFFFFFFFFF
80.244874,FFFF,0,0,0, 7DFFFFFFFFFFFFFF
80.344823,FFFF,0,0,0, F0FF7D0000FFFFFF
80.443762,FFFF,0,0,0, FF0000FF0BFFFFFF
80.558693,FFFF,0,0,0, F0FF7D0000FFFFFF
80.658635,FFFF,0,0,0, FF0000FF0BFFFFFF
80.758581,FFFF,0,0,0, 6406007DFFFFFFFF
80.860509,FFFF,0,0,0, 64100B0B2003007D
80.960465,FFFF,0,0,0, 5C031E031EFFFFFF
81.060404,FFFF,0,0,0, FFFFFCFFFFFFFFFF
81.161346,FFFF,0,0,0, F0FF7D0000FFFFFF
81.260279,FFFF,0,0,0, FF0000FF0BFFFFFF
81.360235,FFFF,0,0,0, 6406007DFFFFFFFF
81.461174,FFFF,0,0,0, F0FF7D0000FFFFFF
81.56012,FFFF,0,0,0, FF0000FF0BFFFFFF
81.668138,FFFF,0,0,0, FFFFFFFFFFFFFFFF
81.771072,FFFF,0,0,0, FFFF0A25FFFFFFFF
81.872011,FFFF,0,0,0, 0000FFFF3FFFFFFF
81.971951,FFFF,0,0,0, 0000FFFF3FFFFFFF
82.071894,FFFF,0,0,0, F0FF7D0000FFFFFF
82.17185,FFFF,0,0,0, FF0000FF0BFFFFFF
82.271779,FFFF,0,0,0, 6406007DFFFFFFFF
82.373712,FFFF,0,0,0, 0000FFFFFFFFFFFF
82.475661,FFFF,0,0,0, F0FF7D0000FFFFFF
82.577589,FFFF,0,0,0, FF0000FF0BFFFFFF
82.701536,FFFF,0,0,0, FF0000FFFFFFFFFF
82.804459,FFFF,0,0,0, 7DFFFFFFFFFFFFFF
82.910411,FFFF,0,0,0, F0FF7D0000FFFFFF
83.011357,FFFF,0,0,0, FF0000FF0BFFFFFF
83.113281,FFFF,0,0,0, 6406007DFFFFFFFF
83.216235,FFFF,0,0,0, 64100B0B2003007D
83.318163,FFFF,0,0,0, 7D021EFFFFFFFFFF
83.421104,FFFF,0,0,0, F0FF7D0000FFFFFF
83.545047,FFFF,0,0,0, FF0000FF0BFFFFFF
83.67897,FFFF,0,0,0, 6406007DFFFFFFFF
83.813877,FFFF,0,0,0, FFFFFFFFFFFFFFFF
83.951813,FFFF,0,0,0, FFFFFF00FFFFFFFA
84.105822,FFFF,0,0,0, 0000FFFF3FFFFFFF
84.239744,FFFF,0,0,0, 5C031E031EFFFFFF
84.373667,FFFF,0,0,0, F0FF7D0000FFFFFF
84.510589,FFFF,0,0,0, FF0000FF0BFFFFFF
84.647495,FFFF,0,0,0, 6406007DFFFFFFFF
84.782432,FFFF,0,0,0, F0FF7D0000FFFFFF
84.921338,FFFF,0,0,0, FF0000FF0BFFFFFF
85.057274,FFFF,0,0,0, 6406007DFFFFFFFF
85.193195,FFFF,0,0,0, FF0000FFFFFFFFFF
85.330117,FFFF,0,0,0, 0000FFFFFFFFFFFF
85.465024,FFFF,0,0,0, 7DFFFFFFFFFFFFFF
85.60296,FFFF,0,0,0, FF0000FF0BFFFFFF
85.737883,FFFF,0,0,0, 6406007DFFFFFFFF
85.873789,FFFF,0,0,0, F0FF7D0000FFFFFF
86.01471,FFFF,0,0,0, FF0000FF0BFFFFFF
86.151629,FFFF,0,0,0, 6406007DFFFFFFFF
86.286567,FFFF,0,0,0, 64100B0B2003007D
86.423487,FFFF,0,0,0, 5C031E031EFFFFFF
86.560393,FFFF,0,0,0, FF003CFF00FFFFFF
86.698329,FFFF,0,0,0, 73FFFFFFFFFFFFFF
86.975169,FFFF,0,0,0, F0FF7D0000FFFFFF
87.113075,FFFF,0,0,0, FF0000FF0BFFFFFF
87.264003,FFFF,0,0,0, F0FF7D0000FFFFFF
87.400909,FFFF,0,0,0, 22FFFF3CFFFFFFFF
87.538845,FFFF,0,0,0, FF0000FF0BFFFFFF
87.675754,FFFF,0,0,0, 6406007DFFFFFFFF
87.811689,FFFF,0,0,0, FFFFFFFFFFFFFFFF
87.950592,FFFF,0,0,0, FCFFFFFFFFFFFFFF
88.088517,FFFF,0,0,0, 0000FFFF3FFFFFFF
88.227433,FFFF,0,0,0, 0000FFFF3FFFFFFF
88.364369,FFFF,0,0,0, F0FF7D0000FFFFFF
88.498295,FFFF,0,0,0, 022C0000180C00A5
88.60323,FFFF,0,0,0, FF0000FF0BFFFFFF
88.714166,FFFF,0,0,0, 0000FFFFFFFFFFFF
88.819105,FFFF,0,0,0, F0FF7D0000FFFFFF
88.926031,FFFF,0,0,0, FF0000FF0BFFFFFF
89.035968,FFFF,0,0,0, 6406007DFFFFFFFF
89.142908,FFFF,0,0,0, FF0000FFFFFFFFFF
89.249862,FFFF,0,0,0, C9FFFFFFFF38FFFF
89.354797,FFFF,0,0,0, FFCFFFFFFFFFFFFF
89.46074,FFFF,0,0,0, 7DFFFFFFFFFFFFFF
89.566675,FFFF,0,0,0, F0FF7D0000FFFFFF
89.671619,FFFF,0,0,0, FF0000FF0BFFFFFF
89.777553,FFFF,0,0,0, 6406007DFFFFFFFF
89.892493,FFFF,0,0,0, F0FF7D0000FFFFFF
89.997428,FFFF,0,0,0, FF0000FF0BFFFFFF
90.104352,FFFF,0,0,0, 6406007DFFFFFFFF
90.212308,FFFF,0,0,0, FFFFFFFFFFFFFFFF
90.318242,FFFF,0,0,0, A2246024FFFF60FE
90.424168,FFFF,0,0,0, 0000FFFF3FFFFFFF
90.531124,FFFF,0,0,0, F0FF7D0000FFFFFF
90.640044,FFFF,0,0,0, FF0000FF0BFFFFFF
90.746995,FFFF,0,0,0, 6406007DFFFFFFFF
90.853939,FFFF,0,0,0, F0FF7D0000FFFFFF
90.962857,FFFF,0,0,0, 7D021EFFFFFFFFFF
91.077824,FFFF,0,0,0, 6406007DFFFFFFFF
91.189758,FFFF,0,0,0, FF0000FFFFFFFFFF
91.297707,FFFF,0,0,0, 0000FFFFFFFFFFFF
91.405637,FFFF,0,0,0, 7DFFFFFFFFFFFFFF
91.514586,FFFF,0,0,0, F0FF7D0000FFFFFF
91.622511,FFFF,0,0,0, FF0000FF0BFFFFFF
91.730462,FFFF,0,0,0, 6406007DFFFFFFFF
91.836399,FFFF,0,0,0, F0FF7D0000FFFFFF
91.945345,FFFF,0,0,0, FF0000FF0BFFFFFF
92.051276,FFFF,0,0,0, 6406007DFFFFFFFF
92.160213,FFFF,0,0,0, 64100B0B2003007D
92.281148,FFFF,0,0,0, F0FF7D0000FFFFFF
92.389087,FFFF,0,0,0, FF0000FF0BFFFFFF
92.499018,FFFF,0,0,0, 6406007DFFFFFFFF
92.606956,FFFF,0,0,0, F0FF7D0000FFFFFF
92.715894,FFFF,0,0,0, FF0000FF0BFFFFFF
92.824835,FFFF,0,0,0, 6406007DFFFFFFFF
92.933767,FFFF,0,0,0, FFFFFFFFFFFFFFFF
93.042706,FFFF,0,0,0, F880F1F000DF03FC
93.153627,FFFF,0,0,0, 0000FFFF3FFFFFFF
93.263564,FFFF,0,0,0, 0000FFFF3FFFFFFF
93.375516,FFFF,0,0,0, FF0000FF0BFFFFFF
93.485437,FFFF,0,0,0, 6406007DFFFFFFFF
93.594392,FFFF,0,0,0, 0000FFFFFFFFFFFF
93.70433,FFFF,0,0,0, F0FF7D0000FFFFFF
93.814265,FFFF,0,0,0, FF0000FF0BFFFFFF
93.923185,FFFF,0,0,0, 6406007DFFFFFFFF
94.03214,FFFF,0,0,0, FF0000FFFFFFFFFF
94.140073,FFFF,0,0,0, 7DFFFFFFFFFFFFFF
94.252995,FFFF,0,0,0, F0FF7D0000FFFFFF
94.363944,FFFF,0,0,0, FF0000FF0BFFFFFF
94.47488,FFFF,0,0,0, 6406007DFFFFFFFF
94.594811,FFFF,0,0,0, F0FF7D0000FFFFFF
94.703748,FFFF,0,0,0, FF0000FF0BFFFFFF
94.81369,FFFF,0,0,0, 6406007DFFFFFFFF
94.924621,FFFF,0,0,0, FFFFFFFFFFFFFFFF
95.034559,FFFF,0,0,0, 0000FFFF3FFFFFFF
95.146493,FFFF,0,0,0, 0000FFFF3FFFFFFF
95.258428,FFFF,0,0,0, 5C031E031EFFFFFF
95.370374,FFFF,0,0,0, F0FF7D0000FFFFFF
95.480305,FFFF,0,0,0, FF0000FF0BFFFFFF
95.590238,FFFF,0,0,0, 6406007DFFFFFFFF
95.701161,FFFF,0,0,0, FFFF0A25FFFFFFFF
95.812111,FFFF,0,0,0, F0FF7D0000FFFFFF
95.92305,FFFF,0,0,0, FF0000FF0BFFFFFF
96.033969,FFFF,0,0,0, 6406007DFFFFFFFF
96.143906,FFFF,0,0,0, FF0000FFFFFFFFFF
96.256851,FFFF,0,0,0, 0000FFFFFFFFFFFF
96.369778,FFFF,0,0,0, 7DFFFFFFFFFFFFFF
96.48073,FFFF,0,0,0, F0FF7D0000FFFFFF
96.59266,FFFF,0,0,0, FF0000FF0BFFFFFF
96.703597,FFFF,0,0,0, 6406007DFFFFFFFF
96.815537,FFFF,0,0,0, F0FF7D0000FFFFFF
96.93946,FFFF,0,0,0, 6406007DFFFFFFFF
97.052399,FFFF,0,0,0, 64100B0B2003007D
97.163337,FFFF,0,0,0, 7D021EFFFFFFFFFF
97.282251,FFFF,0,0,0, 5C031E031EFFFFFF
97.396187,FFFF,0,0,0, F0FF7D0000FFFFFF
97.512131,FFFF,0,0,0, FF0000FF0BFFFFFF
97.62507,FFFF,0,0,0, 6406007DFFFFFFFF
97.739,FFFF,0,0,0, FFFFFF00FFFFFFFA
97.852934,FFFF,0,0,0, F0FF7D0000FFFFFF
97.965889,FFFF,0,0,0, FF0000FF0BFFFFFF
98.078805,FFFF,0,0,0, 6406007DFFFFFFFF
98.206737,FFFF,0,0,0, 5DFFFFF3FFFFFFFF
98.323664,FFFF,0,0,0, 0000FFFF3FFFFFFF
98.438597,FFFF,0,0,0, F0FF7D0000FFFFFF
98.561526,FFFF,0,0,0, FF0000FF0BFFFFFF